id,name,gender,dob,email,city,address,postcode,phone_number,uni,degree,invited_date,invited_by
1,Beverie Moberley,Female,2000-11-16,bmoberley0@fda.gov,Craigavon,55930 Pond Court,BT66,2626,London College of Science & Technology,02:01,2019-01-22,Doris Bellasis
2,Sue Barfitt,Female,1993-10-05,sbarfitt1@t.co,Eaton,0 Lighthouse Bay Drive,DN22,07388536026,University of Wales College of Medicine,02:01,2019-01-10,Rupert Ripple
3,Kiley Clavey,Female,1998-09-10,kclavey2@free.fr,Buckland,4582 Farwell Crossing,CT16,4959,"University of Wales, Aberystwyth",02:02,2019-01-31,Fifi Eton
4,Windham Biagi,Male,1999-06-02,wbiagi3@aboutads.info,Eaton,015 Mallory Junction,DN22,3292,Aga Khan University,02:02,2019-01-23,Fifi Eton
5,Huey Broodes,Male,1995-07-05,hbroodes4@addthis.com,Birmingham,05 Hanover Hill,B40,02387200883,"University of Wales, Bangor",02:02,2019-01-16,Fifi Etton
6,Joel Melmoth,Male,1994-02-04,jmelmoth5@dedecms.com,Manchester,2 Esker Center,M14,08601468614,Napier University,02:01,null,null
7,Skippy Worrell,Male,1991-08-11,sworrell6@umich.edu,Kirkton,21 Kim Alley,KW10,2878,Coventry University,02:01,2019-01-29,Fifi Eton
8,Agneta Fantini,Female,null,afantini7@sphinn.com,Dean,8 Westridge Court,OX7,01188973453,Nottingham Trent University,3rd,2019-01-17,Rupert Ripple
9,Shurlocke Cringle,Male,1992-04-16,scringle8@uol.com.br,Whitwell,3592 Cardinal Junction,DL10,null,South Bank University,3rd,2019-01-31,Rupert Ripple
10,Tucky Duffet,Male,1998-01-05,tduffet9@yale.edu,Thorpe,4 Novick Parkway,BD23,7473,"University of Wales, Newport",02:01,2019-01-22,Doris Bellasis
11,Em Dun,Male,1992-12-17,eduna@comcast.net,Manchester,8 Lake View Way,M14,9863,University of Greenwich,02:01,2019-01-15,Sunny Sladefield
12,Kit Oddboy,Male,1998-11-02,koddboyb@mapy.cz,Newton,435 Sommers Plaza,IV1,02542935016,University of Derby,1st,2019-01-24,Gismo Tilling
13,Lorianna Weinham,Female,null,lweinhamc@typepad.com,Weston,4 Hermina Pass,GU32,null,University of Newcastle-upon-Tyne,1st,2019-01-16,Bruno Bellbrook
14,Base Doggett,Male,1993-11-08,bdoggettd@usatoday.com,Eaton,9400 Sloan Parkway,DN22,05976758381,University of Paisley,02:02,2019-01-31,Stacey Broad
15,Ingar Huckstepp,Male,1994-07-06,ihucksteppe@tripod.com,Preston,42 Shopko Lane,PR1,null,"London School of Hygiene & Tropical Medicine, University of London",1st,2019-01-16,Stacey Broad
16,Talya Placidi,Female,1993-11-26,tplacidif@t.co,Langley,89542 International Parkway,SG4,8921,Open University,02:02,2019-01-02,Gismo Tilling
17,Taffy Elderfield,Female,1993-04-03,telderfieldg@amazonaws.com,Kinloch,87 Roxbury Center,PH43,06823705466,City University,02:01,2019-01-15,Stacey Broad
18,Andee Plowman,Female,1995-06-29,aplowmanh@state.tx.us,Ford,376 Pennsylvania Crossing,GL54,07951119955,Southampton Solent University,1st,2019-01-30,Gismo Tilling
19,Kare Garvill,Female,1996-01-22,kgarvilli@taobao.com,Thorpe,6452 Continental Lane,BD23,7752,University of Manchester,1st,2019-01-17,Sunny Sladefield
20,Mallory Challis,Female,1997-09-10,mchallisj@webmd.com,West End,90 Sachtjen Terrace,DN36,02247083158,University of Paisley,02:01,2019-01-30,Rupert Ripple
21,Zea Barette,Female,1996-03-16,zbarettek@narod.ru,Weston,6885 Canary Crossing,GU32,2795,University Campus Suffolk,02:01,2019-01-10,Fifi Etton
22,Allyn Nazair,Female,1990-04-19,anazairl@weather.com,Birmingham,8923 Clyde Gallagher Point,B12,01844355087,Roehampton University of Surrey,02:01,2019-01-29,Bruno Bellbrook
23,Almire Tewkesberry,Female,null,atewkesberrym@ed.gov,Sheffield,13131 Bluestem Street,S33,04402179743,"Heythrop College, University of London",02:02,2019-01-31,Bruno Bellbrook
24,Gerti Frushard,Female,2000-03-09,gfrushardn@illinois.edu,Liverpool,43969 Meadow Vale Crossing,L33,6114,"School of Pharmacy, University of London",02:02,null,null
25,Ernst Gidney,null,1999-12-06,egidneyo@imdb.com,Hatton,6984 Blaine Point,CV35,10792,University of London,1st,2019-01-09,Fifi Etton
26,Thorndike Prynne,Male,1997-06-03,null,Tullich,94 Victoria Place,AB55,02971342987,City University,02:01,2019-01-23,Gismo Tilling
27,Roxanne Edie,Female,1993-02-23,redieq@redcross.org,Milton,100 Fairview Court,NG22,05823730012,University of London,02:02,2019-01-16,Sunny Sladefield
28,Andris Reddecliffe,Male,1999-12-26,areddecliffer@yahoo.com,Ford,0 Gina Court,GL54,05666945353,The Robert Gordon University,02:01,2019-01-09,Gismo Tilling
29,Tara Surmeir,Female,2000-04-11,tsurmeirs@nba.com,Sheffield,1644 Morrow Trail,S33,null,Sotheby´s Institute of Art - London,02:01,2019-01-22,Gismo Tilling
30,Reeta Mcgawn,Female,1998-08-19,rmcgawnt@dot.gov,Preston,84 Sycamore Road,PR1,4163,Roehampton University of Surrey,02:01,2019-01-03,Rupert Ripple
31,Cly Greatrex,Male,1998-02-05,null,Belfast,354 Cambridge Drive,BT2,07257586668,University of Sheffield,3rd,2019-01-29,Fifi Etton
32,Johannes Hanny,Male,1992-04-27,jhannyv@themeforest.net,Carlton,97 Sutteridge Plaza,DL8,09213786390,University of Central Lancashire,1st,2019-01-24,Rupert Ripple
33,Leone Patmore,Female,1999-03-05,lpatmorew@cnn.com,Aston,96515 Clarendon Crossing,TF6,04417158009,Huron University USA in London,02:01,2019-01-09,Rupert Ripple
34,Kristin Hillborne,Female,1995-03-04,khillbornex@123-reg.co.uk,Sheffield,8868 Westport Terrace,S1,07538797945,null,null,2019-01-22,Bruno Bellbrook
35,Thorpe Maddie,Male,1997-10-20,tmaddiey@yale.edu,Newbiggin,73404 Weeping Birch Pass,NE46,05314474400,The American University in London,02:02,2019-01-16,Rupert Ripple
36,Sibley Kneaphsey,Female,1997-08-01,skneaphseyz@dot.gov,Burnside,22950 Lakeland Court,EH52,07736787136,Trinity College of Music,02:01,2019-01-24,Rupert Ripple
37,Selia Tours,Female,1993-04-11,stours10@clickbank.net,null,null,null,5460,Napier University,3rd,2019-01-03,Rupert Ripple
38,Abigail Dunsmore,Female,1996-02-05,adunsmore11@apache.org,Weston,5 Commercial Parkway,GU32,06115795894,"St.Patrick's International College, London",02:01,2019-01-16,Stacey Broad
39,Chucho Tift,Male,1995-05-07,ctift12@discuz.net,Norton,83 Reinke Place,S8,06656861078,International Colleges of Islamic Science,02:02,2019-01-17,Sunny Sladefield
40,Crysta Aikett,Female,1999-02-23,caikett13@netlog.com,Wootton,3087 Portage Plaza,NN4,07182706428,South Bank University,02:01,2019-01-02,Doris Bellasis
41,Abbie Clifton,Male,1996-10-07,aclifton14@nhs.uk,Langley,2950 Carey Point,SG4,08314408179,"Institute of Classical Studies, University of London",02:01,2019-01-22,Rupert Ripple
42,Bernadette Fenny,Female,1996-12-23,bfenny15@example.com,Tullich,76 Spaight Road,AB55,01412828361,University of Dundee,02:02,null,null
43,Cassius Whatling,Male,1999-07-01,cwhatling16@state.gov,Sheffield,62021 Southridge Center,S1,03936427419,Glasgow School of Art,02:02,2019-01-29,Rupert Ripple
44,Arte Dimbylow,null,1994-11-17,adimbylow17@theglobeandmail.com,Newbiggin,700 Banding Point,NE46,8877,London Metropolitan University,02:02,2019-01-22,Sunny Sladefield
45,Meggie Sidsaff,Female,1995-02-25,msidsaff18@dailymail.co.uk,Bradford,8 Ridge Oak Street,BD7,04023116139,De Montfort University Leicester,02:01,2019-01-10,Stacey Broad
46,Lurleen Symson,null,1999-11-15,lsymson19@godaddy.com,Sheffield,5 Luster Junction,S1,03756747449,University of Bedfordshire,02:02,2019-01-22,Stacey Broad
47,Clemmie Kayley,Female,1993-01-22,ckayley1a@multiply.com,London,503 Lotheville Hill,EC1V,05108881945,London School of Jewish Studies,02:02,2019-01-15,Stacey Broad
48,Thorny Uwins,Male,1990-06-22,tuwins1b@purevolume.com,Ashley,59883 Gale Plaza,SN13,07324509164,"Institute of Classical Studies, University of London",02:01,2019-01-15,Doris Bellasis
49,Alonso Hulkes,Male,1991-01-22,ahulkes1c@deliciousdays.com,Aston,5139 Cambridge Drive,TF6,05052157536,International Centre for Isclamic Science,02:01,2019-01-08,Rupert Ripple
50,Sande Ambroz,Female,2000-04-12,null,Aston,53 Farragut Point,TF6,09624023967,"University of Wales, Aberystwyth",02:01,null,null
51,Edsel Gingell,Male,2000-02-17,egingell1e@patch.com,Ford,310 Little Fleur Circle,GL54,04384159945,"School of Slavonic and East European Studies, University of London",3rd,2019-01-08,Doris Bellasis
52,Goran Eton,Male,1999-07-29,geton1f@topsy.com,Seaton,4154 Hanson Park,LE15,8978,University of Sheffield,02:01,2019-01-16,Fifi Etton
53,Maxy Heeley,Female,1999-04-10,mheeley1g@telegraph.co.uk,Brampton,9 Bobwhite Center,NR34,02498013896,De Montfort University Leicester,02:02,2019-01-30,Gismo Tilling
54,Gui Graine,Female,1992-07-19,ggraine1h@slate.com,West End,592 Eagan Junction,DN36,08922018475,Staffordshire University,02:02,2019-01-10,Fifi Etton
55,Stinky Goulter,Male,2000-11-08,sgoulter1i@umn.edu,Milton,9850 Jackson Junction,AB56,2546,University of Hull,02:01,2019-01-30,Doris Bellasis
56,Duky Tarn,Male,1997-03-07,dtarn1j@reverbnation.com,Normanton,4 Toban Plaza,LE15,8247,University of Liverpool,1st,2019-01-08,Rupert Ripple
57,Carmelia Huzzay,Female,1998-05-28,chuzzay1k@constantcontact.com,Tullich,71 Dennis Lane,AB55,04625482592,Glasgow School of Art,02:02,2019-01-23,Stacey Broad
58,Raquela Elcox,null,1996-03-06,relcox1l@miibeian.gov.cn,Eaton,8317 Bellgrove Avenue,DN22,09329173609,University of East Anglia,02:01,2019-01-16,Fifi Eton
59,Rodrick Henworth,Male,1993-07-13,rhenworth1m@statcounter.com,Belfast,110 Harbort Place,BT2,07258550721,Coventry University,02:01,2019-01-03,Bruno Bellbrook
60,Salvidor Dalrymple,Male,1992-03-16,sdalrymple1n@scientificamerican.com,Norton,0 Monterey Plaza,S8,7715,London Business School,02:01,2019-01-29,Gismo Tilling
61,Jorry Boom,Female,null,null,Sheffield,5615 3rd Parkway,S1,null,Bournemouth University,1st,2019-01-24,Stacey Broad
62,Bartholemy Trippitt,Male,1994-02-21,null,Glasgow,2 School Junction,G4,07997414022,Chelsea College of Art and Design,3rd,2019-01-31,Sunny Sladefield
63,Clifford Glasson,Male,1991-08-22,cglasson1q@usatoday.com,Pentre,66 Elka Park,SY4,03666252235,University of Manchester,02:02,null,null
64,Carolann Bumby,Female,1998-09-18,cbumby1r@goo.ne.jp,Newton,6 Ridge Oak Park,NG34,8554,University of Westminster,02:02,2019-01-10,Gismo Tilling
65,Tiertza Gurry,Female,1991-07-15,tgurry1s@canalblog.com,Birmingham,7924 Rowland Terrace,B40,null,University of Huddersfield,02:02,2019-01-08,Rupert Ripple
66,Dianna Dannett,Female,1997-09-04,ddannett1t@wordpress.org,Sutton,94045 Westerfield Court,CT15,05295468287,University of Lincoln,02:02,2019-01-22,Stacey Broad
67,Briana Brader,Female,1997-01-28,bbrader1u@hatena.ne.jp,Sheffield,74 Derek Park,S1,8126,Buckinghamshire New University,02:02,2019-01-31,Fifi Eton
68,Luther Waddilow,Male,1995-08-21,lwaddilow1v@reverbnation.com,Tullich,9 Cardinal Point,AB55,null,"University of Wales, Swansea",02:02,2019-01-23,Doris Bellasis
69,Deonne Simionato,Female,1997-07-08,dsimionato1w@blogger.com,Middleton,91 Merchant Center,LE16,02731247366,"United Medical and Dental Schools, University of London",02:02,2019-01-31,Stacey Broad
70,Florance Nann,Female,2000-12-24,fnann1x@furl.net,Norton,90 Eastwood Circle,NN11,06536988879,University of Paisley,1st,2019-01-03,Bruno Belbrook
71,Camila Filasov,Female,1993-04-02,cfilasov1y@ifeng.com,West End,2243 Spaight Crossing,DN36,02107037018,Central Saint Martins College of Art & Design,02:01,null,null
72,Nadeen Baily,Female,1991-04-15,nbaily1z@free.fr,Whitchurch,4 Talmadge Road,BS14,03203381971,International Colleges of Islamic Science,02:01,2019-01-23,Doris Bellasis
73,Cozmo Abel,Male,1992-06-15,cabel20@netlog.com,Leeds,14 Riverside Circle,LS6,null,City University,02:01,2019-01-31,Sunny Sladefield
74,Minetta Beazleigh,Female,2000-06-28,mbeazleigh21@cmu.edu,Horton,7650 Atwood Circle,BS37,9211,"Institute of Advanced Legal Studies, University of London",1st,2019-01-22,Gismo Tilling
75,Alexandro Frid,Male,1992-06-25,afrid22@icq.com,Bristol,60761 Randy Way,BS41,09127664950,University of Edinburgh,02:01,2019-01-24,Fifi Eton
76,Dalila Hyett,Female,1990-07-02,dhyett23@wordpress.org,Sutton,5074 Hanover Crossing,RH5,07735496445,University Campus Suffolk,02:02,2019-01-08,Sunny Sladefield
77,Dorey Mcquillan,Male,1991-12-07,dmcquillan24@artisteer.com,Pentre,7540 Darwin Place,SY4,04898418587,"London School of Economics and Political Science, University of London",02:01,2019-01-15,Gismo Tilling
78,Danya Sedgefield,Female,null,dsedgefield25@apple.com,Twyford,38603 Lawn Parkway,LE14,3000,"Institute of Education, University of London",02:01,2019-01-10,Bruno Bellbrook
79,Giorgio Piller,Male,1999-09-29,gpiller26@blinklist.com,Kinloch,690 Doe Crossing Street,PH43,6731,Roehampton University of Surrey,02:02,2019-01-22,Rupert Ripple
80,Fran Gebbie,Male,1995-01-28,fgebbie27@phoca.cz,Newport,44492 Bluestem Court,NR29,04395405141,Wimbledon School of Art,1st,2019-01-24,Gismo Tilling
81,Kennedy Sapson,Male,1995-08-16,ksapson28@chicagotribune.com,null,null,null,02457107689,University of Southampton,3rd,null,null
82,Rheta Assel,Female,1992-09-12,rassel29@xing.com,Marston,075 Moland Plaza,ST20,04923917606,Richmond University - The American International University in London,02:01,2019-01-02,Bruno Bellbrook
83,Candie Pendell,Female,1991-09-04,cpendell2a@timesonline.co.uk,Hatton,69215 Sutherland Drive,CV35,03695866793,null,null,2019-01-03,Rupert Ripple
84,Yolanda Fosse,Female,1999-11-15,yfosse2b@over-blog.com,London,9683 Jenifer Street,EC1V,05373263547,University of Wales,1st,2019-01-16,Bruno Belbrook
85,Lemmie Jendrich,Male,1993-08-09,ljendrich2c@ted.com,Carlton,38606 Prairieview Place,DL8,05327502073,Middlesex University,3rd,2019-01-31,Sunny Sladefield
86,Marga Simmig,Female,2000-08-12,msimmig2d@friendfeed.com,Bristol,7 Raven Avenue,BS41,02713731970,University of Hertfordshire,02:01,2019-01-15,Rupert Ripple
87,Ralf Heintze,Male,1998-10-26,rheintze2e@alexa.com,Church End,88978 Schlimgen Circle,N3,05794263715,University of Central Lancashire,02:02,2019-01-29,Sunny Sladefield
88,Merry Chesher,Female,1990-05-22,mchesher2f@wufoo.com,Whitwell,7 Green Ridge Plaza,DL10,05507212728,Kingston University,02:02,2019-01-30,Rupert Ripple
89,Sileas Golson,Female,null,sgolson2g@twitter.com,null,null,null,05271466770,University of Sheffield,02:01,2019-01-29,Doris Bellasis
90,Corri Pund,Female,1997-05-10,cpund2h@ibm.com,Sutton,3200 South Center,CT15,2643,"Saint George's Hospital Medical School, University of London",02:01,2019-01-16,Rupert Ripple
91,Abeu Rimmer,Male,1999-03-19,arimmer2i@last.fm,Tullich,3 Tomscot Place,AB55,09485279591,null,null,2019-01-22,Fifi Etton
92,Matty California,Male,1990-08-01,mcalifornia2j@issuu.com,Carlton,869 Kinsman Plaza,DL8,6760,"School of Oriental and African Studies, University of London",02:01,2019-01-22,Rupert Ripple
93,Eran Varga,Female,null,evarga2k@tripod.com,Whitwell,9131 Erie Terrace,DL10,02876690256,University of Aberdeen,02:02,2019-01-31,Fifi Etton
94,Pamela Gadman,Female,1991-03-18,pgadman2l@vk.com,Norton,832 Londonderry Plaza,NN11,02909361104,University of Paisley,02:02,2019-01-31,Doris Bellasis
95,Cissy Deeble,Female,1994-10-10,cdeeble2m@nbcnews.com,Norton,6 Bowman Alley,NN11,09716929020,University of East Anglia,1st,2019-01-03,Rupert Ripple
96,Stephan Bahls,Male,1997-09-19,sbahls2n@boston.com,Buckland,783 Brickson Park Court,CT16,02684452440,"United Medical and Dental Schools, University of London",02:02,2019-01-16,Doris Bellasis
97,Patrice Prescott,Female,1991-09-17,pprescott2o@amazonaws.com,Church End,824 Northview Terrace,N3,01237533046,University of Brighton,02:02,2019-01-24,Bruno Bellbrook
98,Emmet Hehnke,Male,1994-09-03,ehehnke2p@edublogs.org,Wootton,79 Commercial Terrace,NN4,8545,null,null,2019-01-23,Rupert Ripple
99,Claudianus Connar,Male,1997-11-10,cconnar2q@ehow.com,null,null,null,09551329911,University of Northampton,02:01,2019-01-09,Rupert Ripple
100,Rolland Figgins,Male,2000-02-04,rfiggins2r@tuttocitta.it,Dean,054 Chive Terrace,OX7,02224073300,University of Derby,02:01,2019-01-10,Gismo Tilling
101,Farrell Normington,Male,2000-10-17,fnormington2s@admin.ch,Milton,3 Waywood Trail,AB56,07183041904,Thames Valley University,3rd,2019-01-03,Bruno Bellbrook
102,Devland Benkin,Male,1998-08-14,dbenkin2t@earthlink.net,Wootton,70264 Katie Drive,NN4,08987586839,Nottingham Trent University,02:02,2019-01-15,Rupert Ripple
103,Teddy Ham,Male,null,tham2u@nytimes.com,Langley,993 Maple Alley,SG4,null,"Institute of Germanic Studies, University of London",3rd,2019-01-17,Sunny Sladefield
104,Jone O'Crotty,Male,2000-02-22,jocrotty2v@bing.com,Sheffield,2 Fisk Hill,S1,07227179651,"University of Halifax, Birmingham Campus",02:01,null,null
105,Blaine Kimmel,Male,1992-04-07,bkimmel2w@amazon.co.jp,Birmingham,91 Elgar Terrace,B40,8009,null,null,2019-01-24,Bruno Bellbrook
106,Frank Tolchard,Female,1997-05-05,ftolchard2x@myspace.com,London,7724 Mifflin Way,SW1E,09278553864,Birmingham City University,02:01,2019-01-10,Rupert Ripple
107,Hetti Beach,Female,1998-05-17,hbeach2y@biglobe.ne.jp,Church End,4591 Canary Avenue,CB4,09239220975,Swansea Metropolitan University,02:01,2019-01-23,Bruno Belbrook
108,Daphene Friedlos,null,1990-09-09,dfriedlos2z@va.gov,Sutton,3 Riverside Parkway,CT15,03056698936,University of Bradford,02:02,2019-01-23,Stacey Broad
109,Isac Bronger,Male,1990-01-31,ibronger30@ucoz.com,Aston,86 Ridgeway Drive,TF6,04217469222,Heriot-Watt University,3rd,2019-01-24,Sunny Sladefield
110,Raphael Pelosi,Male,1993-02-27,rpelosi31@indiatimes.com,Church End,608 Darwin Way,CB4,9617,"School of Pharmacy, University of London",02:02,null,null
111,Vin Kattenhorn,Female,1992-02-04,null,Sheffield,2900 Eastlawn Plaza,S1,05324558404,Imperial College London,02:02,2019-01-30,Sunny Sladefield
112,Shelli Abbess,Female,1998-02-07,sabbess33@wisc.edu,Newtown,15586 Rigney Way,RG20,05394825609,Birmingham City University,02:01,2019-01-10,Bruno Bellbrook
113,Barb Crumley,Female,1992-04-22,null,Newport,8 Southridge Terrace,NR29,02815878740,University of Lancaster,02:02,null,null
114,Caren Sterte,Female,1994-11-15,csterte35@netvibes.com,Walton,58 Gulseth Avenue,CV35,03262341771,The American University in London,1st,2019-01-29,Rupert Ripple
115,Muhammad Garthland,Male,1990-04-21,null,Upton,9928 Alpine Avenue,WF9,11074,Warnborough University,02:01,2019-01-24,Sunny Sladefield
116,Worth Kos,Male,1996-08-28,wkos37@skyrock.com,Eaton,51 Judy Avenue,DN22,05787577265,Canterbury Christ Church University,3rd,2019-01-15,Doris Bellasis
117,Lilah Lehrmann,Female,1990-06-24,llehrmann38@amazon.com,Church End,94 Lakewood Park,CB4,2734,Canterbury Christ Church University,02:02,null,null
118,Merlina Spires,Female,1999-07-26,mspires39@washington.edu,Normanton,8 Nancy Avenue,LE15,02863203148,Richmond University - The American International University in London,02:01,2019-01-24,Gismo Tilling
119,Jacki Pinkstone,Female,1998-07-08,jpinkstone3a@google.com.hk,Bristol,0760 Prairie Rose Way,BS41,9326,University of Sunderland,02:02,2019-01-23,Stacey Broad
120,Felecia Mcblain,Female,1990-07-06,fmcblain3b@shop-pro.jp,Normanton,0325 Carioca Terrace,LE15,09027938712,Richmond University - The American International University in London,02:02,2019-01-16,Fifi Eton
121,Hernando Guage,Male,1998-02-17,hguage3c@oakley.com,Sheffield,2 Shopko Terrace,S1,10175,University of Northampton,02:01,2019-01-02,Sunny Sladefield
122,Sharona Arbuckel,Female,null,sarbuckel3d@amazon.co.jp,Church End,94475 Lukken Street,N3,6254,The Queen's University Belfast,02:02,null,null
123,Franciska Davidy,Female,1994-08-28,fdavidy3e@paypal.com,Denton,428 Gina Way,M34,01836685981,University of Northumbria at Newcastle,02:01,2019-01-30,Fifi Eton
124,Florinda Brabban,Female,1990-04-24,fbrabban3f@woothemes.com,Church End,338 Lakewood Gardens Plaza,CB4,2898,Coventry University,1st,2019-01-22,Bruno Bellbrook
125,Kimble Bonde,Male,1994-06-15,kbonde3g@noaa.gov,Sutton,3715 Maple Wood Drive,CT15,8288,Trinity College of Music,02:01,2019-01-03,Fifi Etton
126,Austin Brister,Female,1992-07-03,abrister3h@ox.ac.uk,Newport,45 Macpherson Avenue,NR29,null,University of Strathclyde,1st,2019-01-23,Rupert Ripple
127,Reinwald Corish,Male,2000-02-16,rcorish3i@redcross.org,Thorpe,04618 Welch Plaza,BD23,10646,University of Warwick,02:02,2019-01-02,Gismo Tilling
128,Kelsey Cranke,Female,1990-07-11,kcranke3j@mediafire.com,Horton,8228 Huxley Lane,BS37,null,University of Northampton,3rd,2019-01-03,Gismo Tilling
129,Samuel Simone,Male,1991-09-11,ssimone3k@ifeng.com,null,null,null,06984003057,"United Medical and Dental Schools, University of London",02:02,2019-01-23,Stacey Broad
130,Berky Slatten,Male,1991-08-31,bslatten3l@diigo.com,London,5385 Golf Course Center,WC1B,04928262169,University of East London,3rd,2019-01-08,Doris Bellasis
131,Wit Napolitano,Male,1994-01-18,wnapolitano3m@mtv.com,Charlton,80604 Vernon Center,OX12,null,"School of Oriental and African Studies, University of London",02:01,2019-01-09,Fifi Etton
132,Lucita Pettman,Female,1993-01-31,lpettman3n@latimes.com,London,3449 Blaine Street,EC1V,1781,"University of Halifax, Birmingham Campus",02:02,2019-01-29,Rupert Ripple
133,Conchita Gumey,Female,1997-10-21,cgumey3o@devhub.com,Sheffield,5732 Anhalt Pass,S33,8406,University of Essex,02:01,2019-01-16,Sunny Sladefield
134,Pierson Mills,Male,1992-09-07,pmills3p@gov.uk,Thorpe,7470 Ludington Way,BD23,6750,Warnborough University,02:02,2019-01-16,Rupert Ripple
135,Ingeberg Othen,Female,1996-09-27,iothen3q@altervista.org,Upton,9097 Meadow Vale Way,WF9,07171567286,London College of Science & Technology,02:02,2019-01-16,Stacey Broad
136,Ambros Ethington,Male,1998-06-16,aethington3r@feedburner.com,Manchester,7 Towne Circle,M14,1762,Royal Holloway and Bedford New College,02:01,2019-01-10,Fifi Eton
137,Karia O'Toole,Female,1994-09-08,kotoole3s@paypal.com,London,12890 Scoville Circle,EC3M,09472487288,University of Durham,02:02,2019-01-03,Stacey Broad
138,Adrianna Lyddiard,Female,1993-06-04,alyddiard3t@cbsnews.com,Newbiggin,2801 Vermont Park,NE46,7447,William Gilbert College,02:01,2019-01-29,Rupert Ripple
139,Bendix Bonnette,Male,1996-02-05,null,Newton,614 Paget Terrace,NG34,09046627269,Oxford Brookes University,02:01,2019-01-31,Rupert Ripple
140,Erminia Creed,Female,null,ecreed3v@noaa.gov,Newton,78 Vermont Pass,IV1,1816,Falmouth University,1st,null,null
141,Leroi Shurmer,Male,1993-09-30,lshurmer3w@patch.com,Ashley,04964 Mockingbird Drive,SN13,01148479336,Cranfield University,1st,2019-01-02,Sunny Sladefield
142,Regan Pittaway,Female,1999-03-03,rpittaway3x@blogs.com,Newton,84014 Tennessee Way,IV1,null,University of Newcastle-upon-Tyne,1st,2019-01-15,Gismo Tilling
143,Emmy Luckings,Male,1991-01-30,eluckings3y@tripadvisor.com,Tullich,9003 Stone Corner Avenue,AB55,7306,"Institute of Commonwealth Studies, University of London",02:01,2019-01-02,Gismo Tilling
144,Raychel Gallety,Female,1999-01-28,rgallety3z@vk.com,Carlton,1895 South Road,DL8,04043388143,University of Sussex,1st,null,null
145,Linnea Dulling,Female,1990-08-28,ldulling40@pen.io,Merton,6472 Bellgrove Center,SW19,3395,City University,1st,2019-01-15,Fifi Eton
146,Thornton Thuillier,Male,1991-07-17,tthuillier41@dell.com,Glasgow,42242 Fairview Trail,G4,02272989834,University of Dundee,02:01,2019-01-09,Rupert Ripple
147,Noah Petricek,Male,2000-09-24,npetricek42@usa.gov,East End,5 Reinke Point,BH21,08216037808,University of Warwick,02:01,2019-01-29,Stacey Broad
148,Danna Doyley,Female,2000-11-20,ddoyley43@printfriendly.com,Manchester,92 Clove Crossing,M14,08052051902,Buckinghamshire New University,02:01,2019-01-24,Stacey Broad
149,Marc Extance,Male,1998-12-18,mextance44@weibo.com,Linton,80 Prairie Rose Point,BD23,05297608141,"Institute of Education, University of London",3rd,2019-01-17,Bruno Bellbrook
150,Harry Orcas,Male,1996-09-11,horcas45@cpanel.net,Marston,914 Mcbride Way,ST20,07244209783,University of London,02:02,2019-01-02,Sunny Sladefield
151,Tobit Dowden,Male,1995-11-10,tdowden46@livejournal.com,London,91 Mifflin Point,WC2H,09626470983,null,null,2019-01-08,Doris Bellasis
152,Pet Wise,Female,1993-04-28,pwise47@soup.io,Wirral,971 Vahlen Road,CH48,4648,University of Huddersfield,02:02,2019-01-31,Doris Bellasis
153,Sylvia Akett,Female,1994-04-30,sakett48@miitbeian.gov.cn,Newton,6 Old Shore Terrace,IV1,2700,"Institue of Historical Research, University of London",02:02,2019-01-30,Gismo Tilling
154,Curran Stockin,Male,1995-07-04,cstockin49@cdc.gov,Newton,9598 Northridge Terrace,NG34,04102253498,University of Bedfordshire,3rd,null,null
155,Onfroi Buxton,Male,1996-08-20,obuxton4a@histats.com,Carlton,8565 Mesta Plaza,DL8,02238681478,University of St. Andrews,02:02,2019-01-22,Fifi Etton
156,Daisi Scarlet,Female,1995-11-20,dscarlet4b@state.tx.us,London,93 Shoshone Junction,EC1V,07854655566,University of Kent at Canterbury,1st,2019-01-30,Bruno Bellbrook
157,Holt De Castri,Male,2000-04-03,hde4c@marketwatch.com,London,4507 Hudson Park,EC3M,01122897786,Imperial College London,1st,2019-01-09,Rupert Ripple
158,Alyce Chauvey,Female,1997-12-20,achauvey4d@google.ca,Milton,08529 Roxbury Terrace,AB56,5189,"Birkbeck College, University of London",02:02,null,null
159,Patrice Masham,Male,1996-02-28,pmasham4e@mit.edu,Tullich,6862 Kinsman Center,AB55,02825434533,Central Saint Martins College of Art & Design,1st,2019-01-09,Rupert Ripple
160,Hillery Hunnicutt,Male,1998-03-23,hhunnicutt4f@prweb.com,Swindon,70337 Lindbergh Junction,SN1,9691,The Robert Gordon University,1st,2019-01-02,Bruno Bellbrook
161,Garvin Dracey,Male,2000-07-27,gdracey4g@issuu.com,Newport,66 Stone Corner Place,NR29,7379,Sotheby´s Institute of Art - London,02:01,2019-01-16,Bruno Belbrook
162,Bentlee Meugens,Male,1998-09-11,bmeugens4h@fema.gov,Sheffield,6353 Gina Point,S33,05422216414,University Campus Suffolk,02:01,2019-01-08,Sunny Sladefield
163,Garrott Demaine,Male,1992-01-07,gdemaine4i@rakuten.co.jp,Newbiggin,8 Daystar Point,NE46,3282,Sheffield Hallam University,02:01,2019-01-16,Doris Bellasis
164,Garrott Kensy,Male,1998-02-19,gkensy4j@comsenz.com,Bristol,97 Holmberg Circle,BS41,5671,Roehampton University of Surrey,02:01,null,null
165,Roxanna Tunstall,null,1995-02-21,rtunstall4k@wp.com,Norton,753 Mosinee Pass,NN11,05783231387,Glasgow School of Art,02:02,2019-01-24,Stacey Broad
166,Melisandra Walling,Female,1996-08-06,mwalling4l@mozilla.com,Denton,0566 Transport Center,M34,null,"University of Wales, Newport",02:01,2019-01-23,Rupert Ripple
167,Dierdre Earwicker,null,1996-06-29,dearwicker4m@wisc.edu,Sheffield,0 Melody Drive,S33,02561778550,University of Kent at Canterbury,02:01,2019-01-09,Bruno Bellbrook
168,Abel Mcvaugh,Male,1996-11-26,amcvaugh4n@va.gov,Burnside,64 Warbler Terrace,EH52,08341171569,"School of Slavonic and East European Studies, University of London",02:01,2019-01-03,Sunny Sladefield
169,Nestor Thornewill,Male,null,nthornewill4o@businesswire.com,Birmingham,325 Nevada Lane,B40,06521711701,"Institute of Classical Studies, University of London",3rd,2019-01-23,Stacey Broad
170,Wilona Pammenter,Female,1999-01-06,wpammenter4p@amazon.co.uk,Norton,6499 Graceland Lane,NN11,null,Imperial College School of Medicine,02:01,2019-01-16,Rupert Ripple
171,Davie Brahams,Male,1994-10-27,dbrahams4q@cloudflare.com,Newton,8 Nevada Alley,NG34,02936633694,University of Central Lancashire,02:01,2019-01-03,Fifi Eton
172,Lynnett Swin,Female,1996-12-29,lswin4r@icq.com,Carlton,0 Bellgrove Court,DL8,01247574932,University of Greenwich,02:02,2019-01-16,Gismo Tilling
173,Durant Wiper,Male,1991-07-13,dwiper4s@pcworld.com,Thorpe,3370 Dryden Hill,BD23,01192491221,University of Bristol,02:02,2019-01-22,Gismo Tilling
174,Gustaf Lude,Male,1991-04-25,glude4t@harvard.edu,Newtown,392 Florence Pass,RG20,null,University of Bradford,3rd,2019-01-16,Rupert Ripple
175,Halli Purcell,Female,1992-09-16,null,Sheffield,76 Lakewood Gardens Trail,S33,2746,Aston University,1st,2019-01-29,Gismo Tilling
176,Monah Dowling,Female,1994-09-30,mdowling4v@squarespace.com,Norton,923 Mendota Court,NN11,null,Leeds Metropolitan University,02:01,2019-01-16,Doris Bellasis
177,Tanner Byram,Male,1990-08-10,tbyram4w@home.pl,Bradford,0349 Loomis Trail,BD7,02323864811,"United Medical and Dental Schools, University of London",02:02,2019-01-09,Gismo Tilling
178,Lauretta Bartell,Female,null,lbartell4x@vinaora.com,London,49254 Cottonwood Way,EC1V,07022338593,null,null,2019-01-17,Rupert Ripple
179,Laurene Jewsbury,Female,1992-01-22,ljewsbury4y@jalbum.net,Milton,991 Golf Court,NG22,6880,ifs University College,3rd,null,null
180,Ulick Pickervance,Male,1998-06-18,upickervance4z@jiathis.com,Eaton,631 Carioca Terrace,DN22,6801,"Institute of Latin American Studies, University of London",02:02,2019-01-31,Bruno Bellbrook
181,Elsinore Marcussen,Female,1992-03-24,null,London,282 Talisman Hill,EC3M,6885,University of Liverpool,1st,2019-01-02,Bruno Bellbrook
182,Sibbie Di Biasio,Female,1995-05-08,sdi51@washingtonpost.com,Pentre,72 Portage Trail,SY4,null,Keele University,02:01,2019-01-22,Gismo Tilling
183,Konrad Mccready,Male,1995-10-07,kmccready52@soundcloud.com,Kinloch,91 Weeping Birch Place,PH43,04162172367,null,null,2019-01-24,Rupert Ripple
184,Mariele Steedman,Female,null,msteedman53@archive.org,Walton,5758 Paget Place,CV35,07906497099,"Institute of Commonwealth Studies, University of London",02:01,2019-01-02,Fifi Etton
185,Ximenez Chippin,Male,1992-03-31,xchippin54@mayoclinic.com,London,9 Clemons Point,EC3M,02101131788,Buckinghamshire New University,1st,2019-01-03,Bruno Bellbrook
186,Ruben Mccoy,Male,1995-01-06,rmccoy55@ft.com,Walton,75 Mccormick Point,CV35,03154133493,University of Lancaster,3rd,2019-01-22,Gismo Tilling
187,Sigrid Veitch,Female,1996-07-06,sveitch56@adobe.com,Kirkton,52 Maryland Junction,KW10,02717417901,"University of Halifax, Birmingham Campus",02:02,2019-01-02,Stacey Broad
188,Allegra Aspland,Female,1990-06-23,aaspland57@joomla.org,Milton,4 Harper Park,NG22,1106,University of Hertfordshire,02:01,2019-01-02,Fifi Eton
189,Kala Doeg,Female,1993-09-05,kdoeg58@tripadvisor.com,Dean,623 Namekagon Way,OX7,07941521827,The Queen's University Belfast,1st,2019-01-17,Fifi Eton
190,Randall Waller,Male,1998-07-22,rwaller59@xing.com,Aston,02 Anhalt Crossing,TF6,05746170412,University of Warwick,02:01,2019-01-16,Gismo Tilling
191,Thomasine Poundford,Female,1991-09-09,tpoundford5a@marriott.com,Kirkton,77 Sheridan Circle,KW10,05001950088,Open University,02:02,2019-01-16,Sunny Sladefield
192,Ardath Norwell,Female,1994-11-11,anorwell5b@bluehost.com,Milton,91112 Mallory Pass,AB56,08543911812,"Queen Mary and Westfield College, University of London",02:01,2019-01-08,Rupert Ripple
193,Kelley Bourgeois,Female,1997-11-05,kbourgeois5c@bbc.co.uk,Newton,2 Mitchell Court,NG34,4230,Heriot-Watt University,02:02,2019-01-23,Fifi Eton
194,Anatole Peterffy,Male,1998-12-17,apeterffy5d@behance.net,Newton,14 Lindbergh Park,IV1,06693302947,University of Manchester,02:01,2019-01-16,Stacey Broad
195,Hinze Treat,Male,1999-05-16,htreat5e@sina.com.cn,Halton,64359 Gale Lane,LS9,5951,American InterContinental University - London,02:01,2019-01-23,Gismo Tilling
196,Linoel Fissenden,Male,1995-12-01,lfissenden5f@marriott.com,Ashley,434 Ryan Plaza,SN13,null,University Campus Suffolk,02:02,2019-01-17,Doris Bellasis
197,Goober Sully,Male,1990-01-04,gsully5g@lulu.com,null,null,null,4542,Keele University,02:01,2019-01-24,Sunny Sladefield
198,Alexandro Guyan,Male,1997-02-07,aguyan5h@mayoclinic.com,Kirkton,86301 Mesta Center,KW10,1690,Chelsea College of Art and Design,1st,2019-01-29,Stacey Broad
199,Nikola Devericks,Male,1999-02-18,ndevericks5i@sphinn.com,Wootton,737 Cherokee Parkway,NN4,04562736723,Camberwell College of Arts,02:01,2019-01-10,Fifi Eton
200,Konstantin Fusco,Male,1990-09-13,kfusco5j@webnode.com,Aston,3643 Warbler Way,TF6,08035881242,Wimbledon School of Art,02:01,2019-01-09,Bruno Bellbrook
201,Heidie Barock,Female,1998-12-21,hbarock5k@livejournal.com,Sutton,6 Tennyson Junction,CT15,6144,The Manchester Metropolitan University,02:01,2019-01-09,Sunny Sladefield
202,Gardie Damsell,Male,1992-07-08,gdamsell5l@walmart.com,Langley,66133 Grim Parkway,SG4,09014778304,University of Exeter,3rd,2019-01-29,Sunny Sladefield
203,Zoe Schlag,Female,1997-02-19,zschlag5m@pbs.org,Langley,46412 Talisman Parkway,SG4,09779221418,Aston University,02:02,2019-01-24,Bruno Bellbrook
204,Osbert Mainds,Male,1999-07-06,omainds5n@wunderground.com,Marston,74104 Laurel Center,ST20,null,Glasgow Caledonian University,02:01,null,null
205,Myriam Rossborough,Female,1994-05-01,mrossborough5o@npr.org,Manchester,88 Village Green Center,M14,5217,University of Southampton,02:01,null,null
206,Pyotr De Zuani,Male,1997-09-28,pde5p@nbcnews.com,null,null,null,06451312381,University of Portsmouth,02:01,2019-01-09,Rupert Ripple
207,Simon Murrey,Male,1999-04-01,smurrey5q@pen.io,London,516 American Ash Drive,WC2H,null,University of Portsmouth,02:01,2019-01-16,Rupert Ripple
208,Lockwood Domleo,Male,1996-08-07,ldomleo5r@goo.ne.jp,Whitwell,902 Delladonna Point,DL10,null,"Institute of Germanic Studies, University of London",02:01,null,null
209,Thurston Venes,Male,1992-05-24,tvenes5s@digg.com,Milton,3052 Buena Vista Point,AB56,04309086245,Sotheby´s Institute of Art - London,3rd,2019-01-24,Gismo Tilling
210,Nanni Ashby,Female,1998-04-03,nashby5t@umn.edu,London,48359 Fallview Point,WC2H,07303811119,London Guildhall University,02:02,2019-01-03,Gismo Tilling
211,Laetitia Poston,Female,1993-12-26,lposton5u@cmu.edu,Carlton,64 ONSGARD PLAZA,DL8,09483008274,South Bank University,1st,2019-01-09,Bruno Bellbrook
212,Flss Treadgall,Female,1999-11-28,ftreadgall5v@dropbox.com,Aston,88 Mayfield Junction,TF6,null,University of Abertay Dundee,1st,null,null
213,Libbey Hellier,Female,1996-07-10,lhellier5w@yale.edu,London,73823 Glacier Hill Alley,WC2H,08565920535,Oxford Brookes University,02:02,null,null
214,Reinaldos Rayne,Male,1991-04-26,rrayne5x@indiatimes.com,Middleton,88 Sheridan Drive,LE16,03721896995,British College of Osteopathic Medicine,1st,2019-01-17,Rupert Ripple
215,Allen Edelman,Male,2000-08-20,aedelman5y@is.gd,Preston,2970 Bellgrove Place,PR1,1636,"University of Wales Institute, Cardiff",02:01,2019-01-23,Stacey Broad
216,Cheston Ceillier,Male,1996-06-15,cceillier5z@weibo.com,Newport,91 Forest Run Way,NR29,02126733462,University of Chester,1st,2019-01-10,Gismo Tilling
217,Constancy Elsy,Female,1994-05-17,celsy60@tamu.edu,Denton,8299 Kings Road,M34,06833103831,"St.Patrick's International College, London",02:02,null,null
218,Johnette Durrans,Female,2000-08-24,jdurrans61@technorati.com,Manchester,03 Armistice Circle,M14,03476949388,Royal Holloway and Bedford New College,02:01,2019-01-22,Gismo Tilling
219,Layne Le Fleming,null,1992-01-19,lle62@rediff.com,Horton,30 Doe Crossing Place,BS37,04828985380,University of Huddersfield,1st,2019-01-08,Doris Bellasis
220,Reggy Freed,Male,1993-05-21,rfreed63@indiegogo.com,Ashley,5 Nobel Junction,SN13,9922,"Institute of Education, University of London",02:01,null,null
221,Zechariah Salzberger,Male,1999-08-24,zsalzberger64@domainmarket.com,Milton,80 American Ash Avenue,NG22,02883725024,University of Westminster,02:01,2019-01-17,Bruno Bellbrook
222,Ilka Moulder,Female,1991-02-28,null,Denton,4 Del Mar Road,M34,07638605707,University of Durham,02:01,2019-01-30,Gismo Tilling
223,Zaccaria Bussons,Male,1994-03-12,zbussons66@reuters.com,Craigavon,1778 Pine View Court,BT66,08477484991,null,null,2019-01-16,Gismo Tilling
224,Sylvan Asher,Male,1997-01-06,sasher67@biblegateway.com,Bradford,35488 Maywood Road,BD7,01572694792,University of Central Lancashire,02:01,2019-01-17,Sunny Sladefield
225,Erroll Charopen,Male,1999-05-31,null,Edinburgh,3 Nevada Avenue,EH9,03116130124,Falmouth University,02:01,2019-01-08,Rupert Ripple
226,Georgie Perel,Female,1998-10-19,null,Milton,16 Merchant Court,NG22,01318825658,Middlesex University,1st,2019-01-17,Gismo Tilling
227,Gabey Fisbburne,Female,1996-03-27,gfisbburne6a@360.cn,Buckland,30 John Wall Point,CT16,3307,University of Salford,02:02,2019-01-15,Bruno Bellbrook
228,Lazar Seligson,Male,1995-05-04,lseligson6b@constantcontact.com,Edinburgh,58658 Carpenter Trail,EH9,02203202793,"Royal Free Hospital School of Medicine, University of London",1st,2019-01-17,Bruno Bellbrook
229,Sully Rechert,Male,1999-03-12,srechert6c@howstuffworks.com,Stapleford,91 Summer Ridge Junction,LN6,08452704001,Sotheby´s Institute of Art - London,02:01,2019-01-29,Bruno Bellbrook
230,Royall Stirley,Male,1993-10-02,rstirley6d@wisc.edu,London,855 Northport Hill,W1F,10164,University Campus Suffolk,3rd,2019-01-30,Doris Bellasis
231,Kellie Althorp,Female,1993-10-23,kalthorp6e@prnewswire.com,Leeds,6609 Fieldstone Drive,LS6,06249128486,Anglia Ruskin University,02:02,2019-01-15,Doris Bellasis
232,Land Langan,Male,1992-11-21,llangan6f@biglobe.ne.jp,null,null,null,03451000593,"Goldsmiths College, University of London",02:02,null,null
233,Jorry Varley,Female,1992-04-13,jvarley6g@globo.com,Norton,2 American Terrace,NN11,05949476005,Liverpool Hope University College,02:01,2019-01-24,Bruno Bellbrook
234,Phillis Gansbuhler,Female,1990-11-12,pgansbuhler6h@last.fm,London,48674 Jenifer Drive,WC1B,9784,"University of Halifax, Birmingham Campus",02:01,null,null
235,Bernadette Gerardi,Female,1998-02-10,bgerardi6i@chicagotribune.com,London,41 Westend Center,EC1V,9575,University of East Anglia,1st,2019-01-17,Fifi Etton
236,Hallie Robbeke,Female,1996-10-21,hrobbeke6j@xing.com,Eaton,65 Stuart Point,DN22,01367749123,University of Sussex,02:01,2019-01-24,Rupert Ripple
237,Nady Runnacles,Female,1992-06-27,nrunnacles6k@bing.com,Middleton,8785 Bay Alley,LE16,06147337443,"Heythrop College, University of London",02:01,2019-01-09,Stacey Broad
238,Winnie Osipenko,Male,1990-03-17,wosipenko6l@unblog.fr,Burnside,88912 Granby Avenue,EH52,9540,"University of Wales, Aberystwyth",02:01,2019-01-30,Doris Bellasis
239,Winnah Spooner,Female,1996-06-14,wspooner6m@sfgate.com,Ashley,8 Graedel Avenue,SN13,9842,"Institute of Latin American Studies, University of London",02:02,2019-01-23,Rupert Ripple
240,Riccardo Oade,Male,1993-09-10,roade6n@intel.com,null,null,null,02062286344,"University of Wales, Newport",02:01,2019-01-29,Gismo Tilling
241,Bettye Di Napoli,Female,2000-04-13,bdi6o@irs.gov,Milton,567 Kingsford Place,AB56,8176,Staffordshire University,3rd,2019-01-23,Doris Bellasis
242,Lutero Winning,Male,1990-01-30,lwinning6p@google.de,Birmingham,62 Prentice Center,B12,01485006933,British College of Osteopathic Medicine,02:01,2019-01-24,Bruno Bellbrook
243,Stormi Kment,Female,1993-11-01,null,London,54245 Jenifer Center,WC1B,05066054403,Nottingham Trent University,02:01,2019-01-02,Fifi Etton
244,Staci Harlett,Female,1991-02-07,sharlett6r@europa.eu,Middleton,75458 Toban Plaza,LE16,06867371945,null,null,2019-01-16,Sunny Sladefield
245,Jenifer Pickles,Female,2000-09-17,jpickles6s@loc.gov,Walton,9235 Manitowish Plaza,CV35,09345947637,"Institute of Advanced Legal Studies, University of London",3rd,2019-01-17,Bruno Bellbrook
246,Gwyn Baversor,Female,1995-05-30,gbaversor6t@wordpress.com,Whitchurch,14808 Buell Center,BS14,03855163354,"Institute of Germanic Studies, University of London",02:01,2019-01-03,Gismo Tilling
247,Gilbertine Assaf,Female,1990-06-16,gassaf6u@google.fr,Carlton,72 Ohio Avenue,DL8,10796,University of Strathclyde,02:02,2019-01-03,Doris Bellasis
248,Warde Frowen,Male,1994-12-22,wfrowen6v@biglobe.ne.jp,Whitwell,71 Lakewood Gardens Hill,DL10,10302,"Royal Academy of Music, University of London",02:02,2019-01-30,Rupert Ripple
249,Deni Roust,Female,2000-11-01,droust6w@163.com,Norton,320 Porter Point,NN11,04591588117,"Royal Academy of Music, University of London",02:02,2019-01-30,Bruno Bellbrook
250,Babita Heigho,Female,1996-11-27,null,Birmingham,7222 Twin Pines Circle,B40,2851,University of Bolton,02:01,2019-01-10,Bruno Bellbrook
251,Candide Vannoort,Female,1994-06-15,cvannoort6y@hatena.ne.jp,Burnside,98816 Londonderry Park,EH52,06171348736,"University of Wales, Swansea",02:01,2019-01-03,Fifi Etton
252,Sydney Renachowski,Male,1995-11-16,srenachowski6z@e-recht24.de,Church End,632 Morrow Pass,CB4,01462412965,University of Glamorgan,02:01,2019-01-09,Bruno Bellbrook
253,Vince Scott,Male,1992-06-27,vscott70@ehow.com,Langley,730 Buhler Parkway,SG4,06672271374,University of Bedfordshire,02:01,2019-01-10,Rupert Ripple
254,Art Mitkin,Male,1999-07-09,amitkin71@reddit.com,Marston,24575 Tennyson Way,ST20,02786839920,University of Cambridge,02:01,2019-01-31,Doris Bellasis
255,Tonnie Royden,Male,1995-05-15,troyden72@smh.com.au,Aston,3968 Dahle Alley,TF6,10457,University of Southampton,02:02,2019-01-17,Stacey Broad
256,Trstram Goodyer,Male,1992-12-19,tgoodyer73@creativecommons.org,Merton,0409 Hoepker Street,SW19,08537378791,The American University in London,02:01,2019-01-16,Gismo Tilling
257,Bobbye Ladbrooke,Female,1998-05-09,bladbrooke74@dot.gov,Burnside,9 Northport Lane,EH52,5507,London Institute of Management and Technology,02:01,2019-01-09,Stacey Broad
258,Ronalda Richmond,Female,1994-01-05,rrichmond75@bigcartel.com,Ashley,99010 Judy Point,SN13,02561159323,University of Northampton,02:01,2019-01-24,Fifi Etton
259,Sibley Addison,Female,1991-07-30,saddison76@unc.edu,London,7 Warner Circle,EC1V,02603567133,null,null,2019-01-31,Bruno Bellbrook
260,Ollie Donett,Male,1995-09-27,odonett77@google.fr,East End,001 Kinsman Point,BH21,3259,University of Worcester,02:02,null,null
261,Hi Tee,Male,1998-06-24,htee78@answers.com,Eaton,84475 Stang Court,DN22,08563219052,Napier University,02:02,2019-01-30,Gismo Tilling
262,Shannan Andrejevic,Male,1992-08-25,sandrejevic79@marketwatch.com,Aberdeen,4805 Buena Vista Point,AB39,02802509943,Newport International University,3rd,2019-01-23,Rupert Ripple
263,Glendon Smedley,Male,1991-06-21,gsmedley7a@yahoo.com,Middleton,759 Surrey Trail,LE16,11573,University of Kent at Canterbury,1st,null,null
264,Carey Severn,Female,1998-11-25,csevern7b@ning.com,Liverpool,49 Rieder Place,L33,1221,Brunel University Uxbridge,02:02,2019-01-29,Rupert Ripple
265,Foss Darycott,Male,1991-01-22,fdarycott7c@howstuffworks.com,Norton,273 Basil Junction,NN11,null,"Royal Academy of Music, University of London",3rd,2019-01-08,Stacey Broad
266,Leeland Looks,Male,2000-02-10,llooks7d@networkadvertising.org,Hatton,41849 Quincy Road,CV35,07314939984,University of Wales College of Medicine,02:02,2019-01-03,Bruno Bellbrook
267,Gelya Pyson,Female,1995-08-03,null,Thorpe,144 Sauthoff Avenue,BD23,08259460185,London Guildhall University,3rd,2019-01-17,Gismo Tilling
268,Claus Donneely,Male,2000-08-26,cdonneely7f@nifty.com,Hatton,4760 Village Hill,CV35,05247104858,University of Plymouth,02:01,null,null
269,Benny Smallsman,Female,1996-02-28,bsmallsman7g@livejournal.com,null,null,null,09218290505,University of Bradford,02:01,2019-01-30,Rupert Ripple
270,Sylvia Trevett,Female,1996-10-10,strevett7h@symantec.com,Norton,5 Southridge Parkway,S8,04591931911,University of Lancaster,02:01,null,null
271,Silvain Geeve,Male,1995-10-31,sgeeve7i@theglobeandmail.com,Wootton,77 Kensington Lane,NN4,null,University of Kent at Canterbury,1st,2019-01-31,Sunny Sladefield
272,Olia Meugens,Female,1997-04-16,omeugens7j@google.com.br,London,0 Elmside Terrace,SW1E,05872103281,University of Plymouth,02:01,2019-01-03,Gismo Tilling
273,Cello Carrodus,Male,1993-04-19,ccarrodus7k@tamu.edu,Weston,44 Bay Park,GU32,6914,"University of Wales, Aberystwyth",02:02,null,null
274,Theodosia Creenan,Female,1992-04-17,tcreenan7l@tripod.com,Brampton,0530 Anderson Court,NR34,10238,Aga Khan University,1st,2019-01-16,Fifi Eton
275,Aida Bothams,Female,2000-10-24,abothams7m@mac.com,Buckland,28506 Hooker Alley,CT16,7232,Kingston University,02:02,2019-01-17,Doris Bellasis
276,Onida Tregear,Female,1992-10-30,otregear7n@harvard.edu,Belfast,700 Jackson Avenue,BT2,06384778291,University of Portsmouth,3rd,2019-01-22,Rupert Ripple
277,Salomon Costellow,Male,1997-07-14,scostellow7o@smh.com.au,Middleton,1 Warrior Terrace,LE16,07308604745,University of Bedfordshire,02:02,2019-01-29,Sunny Sladefield
278,Orion Ephgrave,Male,1991-12-01,oephgrave7p@netvibes.com,Bristol,5233 Kipling Crossing,BS41,01681504219,University of Leicester,02:02,2019-01-22,Stacey Broad
279,Saunders Rodbourne,Male,1994-07-13,srodbourne7q@ocn.ne.jp,Newton,54 Warbler Street,NG34,4885,University of Bristol,02:01,null,null
280,Quintus Penella,Male,1992-11-11,qpenella7r@tripod.com,Whitchurch,8132 Grover Hill,BS14,5742,null,null,2019-01-15,Bruno Bellbrook
281,Muffin Wigglesworth,Male,1992-03-02,mwigglesworth7s@icio.us,Charlton,4130 Stephen Avenue,OX12,03018547083,University of Westminster,3rd,2019-01-17,Gismo Tilling
282,Agretha Deinert,Female,1993-07-13,adeinert7t@youtu.be,Dean,68 Luster Avenue,OX7,03978734674,University of Southampton,1st,2019-01-22,Rupert Ripple
283,Audy Beat,null,2000-05-18,abeat7u@dagondesign.com,Norton,328 Ramsey Drive,S8,06378250723,"University of Halifax, Birmingham Campus",1st,null,null
284,Melba Cobain,Female,1997-03-03,null,Aston,873 Dexter Way,TF6,07786716100,American InterContinental University - London,02:01,2019-01-16,Fifi Etton
285,Jerry Lamort,Male,1997-10-06,jlamort7w@redcross.org,Merton,2031 Oxford Parkway,SW19,7450,University of Wolverhampton,02:01,2019-01-23,Bruno Bellbrook
286,Jazmin Dark,Female,1990-12-18,jdark7x@people.com.cn,Kingston,67 Rusk Trail,DT10,null,London School of Business & Finance,02:01,2019-01-30,Stacey Broad
287,Aindrea Davio,Female,1993-11-02,adavio7y@netscape.com,Linton,0 Anniversary Crossing,BD23,null,Thames Valley University,1st,2019-01-31,Rupert Ripple
288,Burg Flipek,Male,1993-02-24,bflipek7z@prlog.org,Charlton,57152 Continental Street,OX12,6470,Huron University USA in London,02:02,2019-01-08,Stacey Broad
289,Bary Boatman,Male,1999-06-09,bboatman80@aboutads.info,Norton,810 Merrick Junction,S8,08389199490,University of Stirling,02:01,2019-01-08,Rupert Ripple
290,Ogdon Gonnelly,Male,1994-05-03,ogonnelly81@umn.edu,Newton,53 Truax Trail,NG34,03566996376,University of Ulster,02:01,2019-01-03,Doris Bellasis
291,Diane-Marie Hilling,Female,1998-10-20,dhilling82@facebook.com,Wirral,3570 Kings Street,CH48,02386344007,"King's College London, University of London",02:02,2019-01-30,Sunny Sladefield
292,Urbain Arnholz,Male,1999-07-18,null,Preston,3912 Merrick Drive,PR1,02451405178,University of Leeds,02:01,null,null
293,Sybil Maydway,Female,1995-12-30,smaydway84@redcross.org,Milton,40 Service Hill,NG22,06891904629,University of Wales College of Medicine,02:01,2019-01-24,Rupert Ripple
294,Bart Godilington,Male,1999-05-09,bgodilington85@google.com.au,Marston,438 7th Circle,ST20,5965,University of Manchester,02:01,2019-01-17,Fifi Eton
295,Keri Crewe,Female,1994-03-02,kcrewe86@yahoo.com,Norton,7835 Dakota Center,NN11,11446,University of Bristol,3rd,2019-01-30,Stacey Broad
296,Jenda Fernandez,Female,1999-10-06,jfernandez87@psu.edu,Upton,45 Hollow Ridge Drive,WF9,09059767117,University of Edinburgh,02:01,2019-01-30,Stacey Broad
297,Kiah Pittwood,Female,1994-06-12,kpittwood88@java.com,Church End,61345 Sunbrook Lane,N3,07885629587,University of Warwick,1st,2019-01-24,Doris Bellasis
298,Esteban Warn,Male,1993-11-08,ewarn89@people.com.cn,Edinburgh,47 Pond Drive,EH9,06728344638,"Goldsmiths College, University of London",02:01,2019-01-02,Fifi Eton
299,Stephan Jaxon,Male,1991-05-01,sjaxon8a@umn.edu,Belfast,46 Fallview Street,BT2,5424,"University of the West of England, Bristol",3rd,2019-01-10,Bruno Bellbrook
300,Allianora Rowdell,Female,2000-07-05,arowdell8b@ucoz.com,Wirral,6 Harbort Junction,CH48,07317649494,Southampton Solent University,02:01,2019-01-17,Sunny Sladefield
301,Orran Rofe,Male,1998-07-31,orofe8c@noaa.gov,Langley,1493 Warbler Court,SG4,8654,City University,02:01,2019-01-09,Rupert Ripple
302,Randy Semken,Female,1998-11-21,rsemken8d@arizona.edu,London,9077 Anniversary Way,W1F,1531,Imperial College School of Medicine,3rd,2019-01-17,Rupert Ripple
303,Gaspard Alvaro,Male,1999-07-31,galvaro8e@clickbank.net,Aston,120 Shopko Drive,TF6,4155,University of Bristol,1st,2019-01-22,Gismo Tilling
304,Ricca Sowden,Female,2000-08-20,rsowden8f@symantec.com,Edinburgh,5408 Carpenter Lane,EH9,1066,"School of Slavonic and East European Studies, University of London",02:01,2019-01-16,Bruno Bellbrook
305,Gardner Kienle,null,1992-06-01,gkienle8g@cnet.com,London,46561 Warner Alley,EC3M,02179007271,University of Abertay Dundee,3rd,2019-01-09,Stacey Broad
306,Guillermo Riha,Male,1995-07-24,griha8h@npr.org,Ford,32502 Moose Court,GL54,8353,Coventry University,02:02,2019-01-15,Doris Bellasis
307,Wakefield Jeves,Male,1996-05-01,null,Birmingham,488 Continental Place,B12,4338,Liverpool Hope University College,02:02,2019-01-17,Bruno Bellbrook
308,Ganny Howcroft,Male,1990-05-22,ghowcroft8j@php.net,Church End,25 Vera Avenue,CB4,1316,Sheffield Hallam University,02:02,2019-01-22,Gismo Tilling
309,Craig Ferriby,Male,1994-04-22,cferriby8k@wikipedia.org,Church End,299 Union Plaza,N3,07976800956,Trinity College Carmarthen,02:01,2019-01-24,Rupert Ripple
310,Katinka Macrow,Female,1998-06-19,kmacrow8l@cam.ac.uk,Buckland,8 Bonner Point,CT16,10434,University of Westminster,02:01,2019-01-22,Stacey Broad
311,Mel Lafontaine,Male,1996-07-01,mlafontaine8m@ft.com,West End,4427 Springs Drive,DN36,null,Warnborough University,02:01,2019-01-24,Rupert Ripple
312,Drona Lemonby,Female,1997-02-05,dlemonby8n@sohu.com,Burnside,4 Hauk Alley,EH52,05864458976,University of Manchester,3rd,2019-01-16,Stacey Broad
313,Nettie Civitillo,Female,2000-07-19,ncivitillo8o@shop-pro.jp,East End,36772 Ridgeway Lane,BH21,10514,The American University in London,3rd,2019-01-17,Bruno Bellbrook
314,Chiarra Laughlan,Female,null,null,Middleton,887 Hazelcrest Circle,LE16,06801027389,Roehampton University of Surrey,02:01,2019-01-23,Fifi Etton
315,Alyda Barlow,Female,2000-07-13,abarlow8q@cmu.edu,Horton,7 Memorial Parkway,BS37,02669915937,"University of Wales, Aberystwyth",02:01,null,null
316,Kalli Mcgarrie,Female,1998-06-27,kmcgarrie8r@hubpages.com,Bradford,99 Mayfield Crossing,BD7,5553,Open University,02:01,2019-01-29,Sunny Sladefield
317,Pascale Snelgrove,Male,1998-09-14,psnelgrove8s@twitter.com,Newport,707 Mallory Road,NR29,1442,Stratford College London,02:02,2019-01-23,Gismo Tilling
318,Bernelle Longhorne,Female,1997-06-06,blonghorne8t@themeforest.net,Sheffield,2821 Stone Corner Alley,S33,9379,"Heythrop College, University of London",1st,2019-01-23,Stacey Broad
319,Valeda Adshad,Female,1995-01-25,vadshad8u@dagondesign.com,Birmingham,7 Haas Way,B12,05027899682,Napier University,02:02,2019-01-08,Stacey Broad
320,Barnabas Crinion,Male,1993-10-09,bcrinion8v@shareasale.com,Langley,44766 Lakewood Gardens Trail,SG4,1169,British College of Osteopathic Medicine,02:01,2019-01-17,Bruno Bellbrook
321,Antonin Steptoe,Male,null,asteptoe8w@ebay.co.uk,Carlton,6329 Buena Vista Street,DL8,06434185719,Cardiff University,02:02,null,null
322,Wanids Simison,Female,2000-01-11,wsimison8x@cnet.com,Newton,4 Oriole Lane,IV1,4407,University of North London,02:01,2019-01-15,Fifi Etton
323,Alexander Johnstone,Male,1991-12-11,ajohnstone8y@japanpost.jp,London,6 Saint Paul Trail,WC1B,01449070589,"University of Wales Institute, Cardiff",1st,2019-01-08,Fifi Etton
324,Aviva Duddan,Female,1995-04-23,aduddan8z@yolasite.com,East End,72143 Lake View Junction,BH21,01131846513,Richmond University - The American International University in London,02:01,2019-01-23,Gismo Tilling
325,Tyrone Bailes,Male,1991-11-05,tbailes90@studiopress.com,London,737 Derek Alley,SW1E,1049,University of Northumbria at Newcastle,02:02,2019-01-30,Fifi Eton
326,Thatcher Northey,Male,2000-11-06,tnorthey91@diigo.com,Ford,1 8th Circle,GL54,8490,"Institue of Historical Research, University of London",1st,2019-01-10,Rupert Ripple
327,Merrill Mongain,Female,2000-11-06,mmongain92@prnewswire.com,Stapleford,9 Dakota Terrace,LN6,08481441829,Loughborough University,02:01,2019-01-09,Bruno Bellbrook
328,Jacky Bickerdyke,Male,1992-09-30,jbickerdyke93@mysql.com,Denton,085 Redwing Drive,M34,05717760680,University of Manchester,02:01,null,null
329,Jena Attard,Female,1999-11-14,jattard94@chicagotribune.com,Belfast,21 Redwing Point,BT2,07057290752,University of Central Lancashire,02:01,2019-01-08,Rupert Ripple
330,Kylynn Jewes,Female,1994-09-04,kjewes95@netvibes.com,Milton,913 John Wall Drive,AB56,7219,"Institute of Advanced Legal Studies, University of London",02:02,2019-01-17,Gismo Tilling
331,Daryle Janoch,Male,1991-09-11,djanoch96@tumblr.com,Linton,2842 Cascade Avenue,BD23,05159380396,Canterbury Christ Church University,02:02,2019-01-31,Stacey Broad
332,Ivory Linnemann,Female,1996-12-29,ilinnemann97@360.cn,Sutton,87609 Petterle Court,CT15,07366691275,Staffordshire University,02:02,2019-01-22,Bruno Bellbrook
333,Loy Mulvy,Male,1999-07-11,lmulvy98@prnewswire.com,Newton,58549 Armistice Pass,NG34,08481812616,University of Aberdeen,02:02,2019-01-30,Bruno Bellbrook
334,Irvine Lawrey,Male,1998-11-10,ilawrey99@springer.com,Sutton,523 Bunting Road,RH5,4856,University of Chester,02:01,2019-01-30,Stacey Broad
335,Marlon Tomala,Male,1998-08-29,mtomala9a@godaddy.com,Burnside,6956 Michigan Junction,EH52,06724222315,"Saint George's Hospital Medical School, University of London",02:01,2019-01-24,Sunny Sladefield
336,Kincaid Osipov,Male,1990-03-25,kosipov9b@ebay.co.uk,Newton,07 Elgar Way,NG34,03222306213,University of Bath,02:01,2019-01-02,Rupert Ripple
337,Olin Gariff,Male,1999-04-26,ogariff9c@narod.ru,London,024 Cottonwood Center,SW1E,08952910988,University of Wolverhampton,02:01,2019-01-24,Gismo Tilling
338,Layla Dymott,Female,2000-07-11,ldymott9d@sphinn.com,Birmingham,6 Marcy Parkway,B40,02579658335,University of Leeds,02:01,null,null
339,Reggie Lawlor,Male,1992-03-23,rlawlor9e@about.com,Newbiggin,96437 Helena Pass,NE46,05911833560,Central Saint Martins College of Art & Design,02:02,2019-01-08,Bruno Bellbrook
340,Carlo Twining,Male,1993-02-28,ctwining9f@biglobe.ne.jp,Merton,3 Nova Alley,SW19,07353826312,"Courtauld Institute of Art, University of London",02:02,2019-01-30,Sunny Sladefield
341,Farley Nuccitelli,Male,1992-04-13,fnuccitelli9g@i2i.jp,Ford,57 Straubel Center,GL54,07361610135,Chelsea College of Art and Design,1st,2019-01-22,Stacey Broad
342,Wendy Ducastel,Female,1997-12-19,wducastel9h@linkedin.com,Church End,4799 Corry Center,CB4,03581481074,"University of Wales Institute, Cardiff",02:02,2019-01-23,Bruno Bellbrook
343,Sherwin Guy,Male,1994-02-24,sguy9i@gizmodo.com,Upton,52070 Eagle Crest Crossing,WF9,10087,University of Lincoln,1st,2019-01-23,Gismo Tilling
344,Findley Mcandie,Male,1997-03-22,fmcandie9j@1688.com,East End,6 Pine View Hill,BH21,01446346314,Coventry University,02:01,2019-01-24,Fifi Etton
345,Harli Vidgeon,Female,2000-10-09,hvidgeon9k@icq.com,Pentre,4 Carberry Road,SY4,3306,"Heythrop College, University of London",02:01,null,null
346,Sal Curee,Male,1994-04-16,scuree9l@hhs.gov,Newtown,823 Warbler Trail,RG20,4087,Leeds Metropolitan University,1st,2019-01-09,Gismo Tilling
347,Alwyn Mackilpatrick,Male,1996-08-12,null,Newton,8 Laurel Pass,IV1,9086,University of Birmingham,02:01,null,null
348,Gayel Meineking,Female,1995-05-02,gmeineking9n@wordpress.org,Norton,15335 Sauthoff Terrace,S8,05052925898,University of Birmingham,02:02,2019-01-29,Gismo Tilling
349,Gerhard Mcgrath,Male,1995-11-20,gmcgrath9o@edublogs.org,Sutton,71941 Morningstar Point,CT15,null,University of Kent at Canterbury,02:01,2019-01-31,Gismo Tilling
350,Ced Danielut,Male,1999-03-17,cdanielut9p@omniture.com,Weston,6166 Mosinee Park,GU32,02345886614,University of York,02:01,2019-01-22,Doris Bellasis
351,Cory Greene,Female,2000-04-14,cgreene9q@gnu.org,Buckland,50118 Lindbergh Center,CT16,07575633895,Sotheby´s Institute of Art - London,02:02,2019-01-16,Bruno Bellbrook
352,Archaimbaud Buller,Male,1995-12-18,abuller9r@nba.com,Newton,545 Anderson Trail,NG34,4982,"University of Halifax, Birmingham Campus",02:02,2019-01-17,Sunny Sladefield
353,Wynn Silverman,Female,1992-04-19,wsilverman9s@ehow.com,East End,0853 American Ash Place,BH21,09709668863,"King's College London, University of London",3rd,2019-01-22,Gismo Tilling
354,Lilli Le Brom,Female,1996-11-22,lle9t@t-online.de,London,28 Jay Place,EC1V,7385,Open University,02:02,2019-01-10,Doris Bellasis
